id,level,query,score,expected,actual,reason
1,easy,"Génère une série de boxplots (6 subplots) incluant : basic, notched, outliers modifiés, horizontal, et longueur de moustaches personnalisée.",1,"L'utilisateur demande une série de 6 boxplots (subplots) incluant spécifiquement : (1) un boxplot basique, (2) un boxplot avec notch (encoche), (3) un boxplot avec outliers modifiés, (4) un boxplot horizontal, (5) un boxplot avec longueur de moustaches personnalisée, et implicitement (6) un sixième subplot (possiblement une combinaison ou variation). La demande exige 6 subplots distincts montrant ces différentes variations de boxplots.","L'agent a généré une figure avec 6 boxplots sauvegardée sous 'boxplot_examples.png'. D'après la description fournie, les 6 subplots incluent : (1) Basic boxplot, (2) Notched boxplot, (3) Boxplot with modified outliers, (4) Horizontal boxplot, (5) Boxplot with custom whisker length (1.5 * IQR), et (6) Combination of notched, modified outliers, horizontal, and custom whiskers. Tous les éléments demandés sont présents dans les 6 subplots.","L'agent a correctement répondu à la demande en générant exactement 6 subplots de boxplots. Tous les types spécifiques demandés sont présents : basic, notched, outliers modifiés, horizontal, et longueur de moustaches personnalisée. Le sixième subplot combine plusieurs caractéristiques, ce qui est une interprétation raisonnable pour compléter la série de 6. La réponse correspond parfaitement aux exigences de la demande."
2,easy,"Crée une grille 3x3 de subplots partageant les axes X (colonne) et Y (ligne), affichant différentes fonctions (z, z^2, z^3) avec des couleurs distinctes.",0,"L'utilisateur demande une grille 3x3 de subplots (9 graphiques au total) avec partage des axes X par colonne et des axes Y par ligne. Les graphiques doivent afficher différentes fonctions (z, z^2, z^3) avec des couleurs distinctes pour chaque fonction.","L'agent indique avoir créé une grille 3x3 de subplots affichant les fonctions z, z^2, et z^3 avec des couleurs distinctes. L'agent mentionne que les axes X et Y sont partagés et que chaque ligne correspond à une fonction différente (ligne 1: z, ligne 2: z^2, ligne 3: z^3). Cependant, aucun code Python/Plotly ni HTML n'est fourni - seulement une description textuelle et une référence à une image ""[Subplot grid image]"" qui n'est pas vérifiable.","La réponse de l'agent est insuffisante car elle ne fournit ni code Python/Plotly ni HTML permettant de vérifier techniquement l'implémentation. Seule une description textuelle est donnée avec une référence à une image non fournie. Sans code ou HTML vérifiable, il est impossible de confirmer que les spécifications techniques ont été respectées (partage correct des axes, structure 3x3, implémentation des fonctions z, z^2, z^3). Une réponse satisfaisante aurait dû inclure le code Plotly générant la grille de subplots."
3,easy,"Trace un Violin plot comparatif : un tracé par défaut à gauche et un personnalisé (sans moyenne/médiane, corps bleu, bords noirs) à droite.",0,"La demande exige un Violin plot comparatif avec deux tracés côte à côte : 
1. Un tracé par défaut à gauche
2. Un tracé personnalisé à droite avec les caractéristiques suivantes :
   - Sans lignes de moyenne/médiane
   - Corps de couleur bleue
   - Bords de couleur noire
Les deux tracés doivent être visibles dans une même visualisation pour permettre la comparaison.","L'agent affirme avoir généré un violin plot comparatif avec un tracé par défaut à gauche et un tracé personnalisé à droite. L'agent mentionne que le tracé personnalisé possède :
- Pas de lignes de moyenne/médiane
- Corps bleu
- Bords noirs

Cependant, aucun code Python/Plotly, code JSON ou HTML n'est fourni dans la réponse. Il n'y a que du texte descriptif affirmant que les graphiques sont prêts, sans preuve technique de leur génération réelle.","Bien que l'agent décrive correctement ce qui devrait être généré selon la demande, la réponse ne contient aucun élément technique vérifiable (code Python, JSON Plotly, ou HTML). Sans code ou sortie technique, il est impossible de confirmer que la visualisation a réellement été créée avec les spécifications demandées. La réponse est donc insuffisante et ne répond pas aux exigences de la tâche qui nécessite une analyse de la sortie générée (Code JSON ou HTML)."
4,easy,"Affiche un Scatter plot avec 3 ellipses de confiance superposées (1 sigma, 2 sigma, 3 sigma) et marqueur rouge au centre (1,1).",0,"La demande exige un Scatter plot avec 3 ellipses de confiance superposées (1 sigma, 2 sigma, 3 sigma) et un marqueur rouge au centre aux coordonnées (1,1).","L'agent affirme avoir créé un scatter plot avec 3 ellipses de confiance superposées (1 sigma, 2 sigma, 3 sigma) et un marqueur rouge au centre (1,1). Cependant, aucun code source, JSON ou HTML n'est fourni pour vérifier techniquement la réalisation effective de ces éléments.","Bien que la description textuelle de l'agent corresponde exactement aux exigences de la demande, il n'y a aucune preuve technique (code Python/Plotly, JSON de configuration, ou HTML) permettant de vérifier que le graphique a réellement été généré. Sans code ou sortie vérifiable, il est impossible de confirmer que les ellipses de confiance ont été correctement calculées et tracées, que le marqueur rouge est bien positionné à (1,1), ou même qu'un graphique existe. La réponse est donc insuffisante et ne peut être validée."
5,easy,Crée une figure combinant un Pie chart (répartition fruits) relié par des lignes à un Stacked Bar chart (détail par âge) sur le côté.,0,"La demande exige une figure combinant deux types de graphiques : (1) un Pie chart représentant la répartition des fruits, et (2) un Stacked Bar chart montrant le détail par âge. De plus, des lignes doivent relier visuellement le Pie chart au Stacked Bar chart pour établir une connexion entre les deux visualisations.","L'agent affirme avoir créé une figure combinée avec un Pie chart à gauche (répartition des fruits), un Stacked Bar chart à droite (détail par âge), et des lignes visuelles reliant les tranches du Pie aux barres empilées. Cependant, aucun code Python/Plotly ni HTML n'est fourni dans la réponse pour vérifier techniquement la réalisation effective de cette visualisation.","Bien que l'agent décrive correctement les éléments demandés (Pie chart, Stacked Bar chart, lignes de connexion), la réponse ne contient aucun code ou sortie HTML permettant de confirmer que la visualisation a réellement été générée. Sans preuve technique (code JSON, HTML, ou code Python), il est impossible de valider que la demande a été satisfaite. La réponse est donc considérée comme incomplète et non satisfaisante."
6,easy,Génère un 'Nested Pie Plot' (camembert imbriqué) utilisant la méthode bar en coordonnées polaires pour visualiser deux niveaux de données.,0,"La demande exige un 'Nested Pie Plot' (camembert imbriqué) utilisant spécifiquement la méthode bar en coordonnées polaires pour visualiser deux niveaux de données hiérarchiques. Cela implique l'utilisation de go.Bar ou px.bar avec des paramètres de coordonnées polaires (theta, r) pour créer un graphique en anneaux concentriques représentant une hiérarchie à deux niveaux.","La réponse de l'agent est uniquement textuelle et descriptive. Elle affirme que le graphique a été généré avec succès et décrit ce que devrait montrer un nested pie plot (catégories de niveau supérieur dans l'anneau extérieur, décomposition dans les anneaux intérieurs, système de coordonnées polaires). Cependant, aucun code Python/Plotly, aucun JSON de configuration, ni aucun HTML de visualisation n'est fourni. Il n'y a aucune preuve technique de la génération effective du graphique demandé.","L'agent n'a fourni aucun élément technique permettant de vérifier qu'un nested pie plot utilisant la méthode bar en coordonnées polaires a effectivement été créé. Sans code, sans configuration JSON, ni HTML de visualisation, il est impossible de confirmer que la demande a été satisfaite. Une simple description textuelle ne constitue pas une réponse valide à une demande de génération de graphique. La réponse est donc considérée comme un échec."
7,easy,Fais un Scatter plot en projection polaire où la surface des points est proportionnelle au carré de la distance radiale.,0,"Un scatter plot en projection polaire (coordonnées polaires) où la taille/surface des marqueurs est proportionnelle au carré de la distance radiale (r²). Cela implique l'utilisation de coordonnées polaires (theta, r) et un paramètre de taille des points calculé comme size ∝ r².","L'agent fournit uniquement une description textuelle affirmant avoir créé le graphique demandé, mais aucun code Python/Plotly, aucun code JSON, ni aucun HTML n'est fourni. Il n'y a aucune preuve technique de la génération du graphique (pas de fig.update_layout avec polar, pas de paramètre size, pas de données).","La réponse de l'agent est insuffisante car elle ne contient aucun élément technique vérifiable (code, JSON ou HTML). Pour évaluer si un scatter plot en projection polaire avec surface proportionnelle à r² a été correctement généré, il faut pouvoir examiner le code ou la structure du graphique. Sans cela, impossible de confirmer que la demande a été satisfaite. Score : 0 (Échec)."
8,medium,"Crée un graphique avec 4 histogrammes de distributions Beta dans un style 'bmh', disposés proprement sur une même figure.",0,"L'utilisateur demande un graphique avec 4 histogrammes de distributions Beta, disposés proprement sur une même figure, en utilisant le style 'bmh'. Les éléments attendus sont : (1) 4 histogrammes, (2) chaque histogramme représente une distribution Beta, (3) style 'bmh' appliqué, (4) disposition organisée sur une seule figure (probablement en subplots).","L'agent indique avoir créé une figure avec 4 subplots, chacun montrant un histogramme d'une distribution Beta dans le style 'bmh'. Les 4 distributions Beta ont des paramètres différents (alpha et beta variés). Cependant, aucun code Python/Plotly ni HTML n'est fourni dans la réponse - seulement une description textuelle et une référence à ""[A figure with 4 subplots showing Beta distribution histograms in the 'bmh' style.]"" qui semble être un placeholder plutôt qu'un graphique réel.","Bien que l'agent décrive correctement ce qui devrait être produit (4 histogrammes de distributions Beta en style 'bmh' sur une figure avec subplots), la réponse ne contient aucun code exécutable (Python/Plotly) ni sortie HTML visualisable. La mention ""[A figure with 4 subplots...]"" est un placeholder textuel et non un graphique fonctionnel. Sans code ou HTML permettant de vérifier la réalisation technique, la réponse ne satisfait pas la demande de création d'un graphique."
9,medium,"Trace la courbe (z-4)*(z-6)*(z-8)+90 avec une zone ombrée (fill_between) entre x=3 et x=10, et ajoute la formule en annotation.",0,"L'utilisateur demande de tracer une courbe représentant la fonction (z-4)*(z-6)*(z-8)+90, avec une zone ombrée (fill_between) entre x=3 et x=10, et d'ajouter la formule en annotation sur le graphique.","L'agent affirme avoir tracé la fonction (z-4)*(z-6)*(z-8)+90 avec une zone ombrée entre x=3 et x=10 et avoir affiché la formule en annotation. Cependant, aucun code, graphique ou HTML n'est fourni pour vérifier techniquement la réalisation effective de ces éléments.","La réponse de l'agent est uniquement descriptive et ne contient aucun élément technique vérifiable (pas de code Python/Plotly, pas de JSON, pas de HTML, pas de graphique). Sans preuve concrète de l'implémentation, il est impossible de confirmer que la courbe a été tracée, que la zone ombrée a été appliquée correctement entre x=3 et x=10, ou que l'annotation de la formule est présente. La consigne exige une analyse de la sortie générée (code ou HTML), qui est absente ici."
10,medium,"Anatomie d'une figure : Crée un plot complexe avec grille personnalisée, tiques mineures/majeures, et annotations explicatives (flèches, cercles) sur les éléments.",0,"La demande exige la création d'un plot complexe avec plusieurs éléments techniques spécifiques : (1) une grille personnalisée, (2) des tiques mineures et majeures sur les axes, (3) des annotations explicatives incluant des flèches et des cercles pour illustrer les différents éléments d'une figure (anatomie d'une figure). L'objectif est de produire un code Python/Plotly ou un fichier HTML fonctionnel montrant concrètement ces éléments.","L'agent a fourni uniquement une description textuelle générique mentionnant qu'un plot avec grille personnalisée, tiques mineures/majeures et annotations (flèches, cercles) a été créé. Aucun code Python/Plotly, aucun code HTML, ni aucune sortie technique n'a été fourni. La phrase ""[Insérer l'image du plot ici]"" indique qu'aucune visualisation réelle n'a été générée. Il s'agit d'une réponse purement descriptive sans implémentation concrète.","La réponse de l'agent est totalement insuffisante car elle ne contient aucun élément technique exploitable (pas de code, pas de HTML, pas de visualisation). La demande nécessitait la création effective d'un plot avec des caractéristiques précises, mais l'agent n'a fourni qu'une description vague de ce qui devrait être fait, sans aucune implémentation. Le placeholder ""[Insérer l'image du plot ici]"" confirme l'absence de livrable concret. Score : 0/1."
11,medium,"Génère un 'Packed Bubble Chart' où la taille des bulles représente la popularité de langages de programmation (Python, Java, C++, etc.).",0,"L'utilisateur demande un 'Packed Bubble Chart' (graphique à bulles compactes) où la taille des bulles représente la popularité de différents langages de programmation (Python, Java, C++, etc.). Ce type de visualisation nécessite des bulles de tailles variables, organisées de manière compacte, sans axes cartésiens traditionnels.","L'agent indique avoir créé un graphique de bulles compactes (packed bubble chart) représentant la popularité des langages de programmation et l'avoir sauvegardé dans un fichier HTML. L'agent mentionne que la taille de chaque bulle représente la popularité relative des langages (Python étant le plus grand, suivi de Java, C++, JavaScript, C#, PHP, R et Swift). Cependant, aucun code source ni HTML n'est fourni pour vérifier la mise en œuvre technique réelle.","Bien que l'agent affirme avoir généré le graphique demandé avec les caractéristiques appropriées, l'absence totale de code source, de structure JSON Plotly, ou de contenu HTML rend impossible la vérification de ce qui a été réellement produit. Sans preuve technique de la génération du Packed Bubble Chart, on ne peut confirmer que la demande a été satisfaite. La réponse est purement descriptive sans élément vérifiable."
12,medium,"Crée un graphique en barres 3D avec 4 ensembles de données (couleurs violet, orange, gris, rose) sur le plan y=k avec transparence.",0,"Un graphique en barres 3D avec 4 ensembles de données distincts, utilisant les couleurs violet, orange, gris et rose. Les barres doivent être positionnées sur le plan y=k (une valeur constante de y). La transparence doit être appliquée aux barres pour permettre une meilleure visualisation en 3D.","L'agent a fourni uniquement une description textuelle indiquant qu'il a créé un graphique en barres 3D avec 4 ensembles de données dans les couleurs demandées (violet, orange, gris, rose), sur le plan y=k avec transparence. Aucun code Python/Plotly, code JSON ou HTML n'a été fourni. Il n'y a pas de sortie technique vérifiable permettant de confirmer que le graphique a réellement été généré.","La demande exigeait la création d'un graphique en barres 3D avec des spécifications précises (4 ensembles de données, couleurs spécifiques, plan y=k, transparence). L'agent a seulement fourni une description textuelle affirmant avoir créé le graphique, mais n'a produit aucun code ou sortie technique (Python/Plotly, JSON, HTML) permettant de vérifier l'existence et la conformité du graphique. Sans code ou visualisation concrète, il est impossible de valider que les exigences ont été respectées. La réponse est donc insuffisante et mérite un score de 0."
13,medium,Affiche une Heatmap des températures mensuelles par ville avec annotations des valeurs et un code couleur divergent (bleu-rouge).,0,"L'utilisateur demande une Heatmap (carte de chaleur) affichant les températures mensuelles par ville. Les exigences spécifiques sont :
- Type de graphique : Heatmap
- Données : températures mensuelles (axe temporel) par ville (axe catégoriel)
- Annotations : les valeurs numériques doivent être affichées sur chaque cellule
- Palette de couleurs : divergente bleu-rouge (par exemple RdBu, RdYlBu inversé, ou équivalent)","L'agent affirme avoir créé une heatmap avec températures mensuelles par ville, annotations des valeurs et palette divergente bleu-rouge. Cependant, aucun code Python/Plotly, code JSON ou HTML n'est fourni dans la réponse. Il n'y a qu'une description textuelle affirmant que la visualisation a été créée, sans preuve technique permettant de vérifier :
- La présence effective d'une heatmap
- L'affichage des annotations de valeurs
- L'utilisation d'une palette divergente bleu-rouge
- La structure des axes (mois vs villes)","La réponse de l'agent est insuffisante car elle ne contient aucun élément technique vérifiable (code Python, JSON de configuration Plotly, ou HTML). Sans code ou sortie concrète, il est impossible de confirmer que la visualisation demandée a réellement été générée avec les spécifications requises (heatmap, annotations, palette divergente bleu-rouge). Une simple affirmation textuelle ne constitue pas une preuve de réalisation. Score : 0/1."
14,medium,Trace deux courbes sur le même graphe utilisant deux axes Y différents (twinx) : une exponentielle à gauche et un sinus à droite.,0,La demande exige un graphique avec deux courbes sur le même graphe utilisant deux axes Y différents (twinx) : une courbe exponentielle associée à l'axe Y de gauche et une courbe sinusoïdale associée à l'axe Y de droite.,"L'agent affirme avoir créé un graphique à double axe avec une courbe exponentielle sur l'axe Y de gauche et une courbe sinusoïdale sur l'axe Y de droite, en utilisant la fonction twinx() pour superposer les deux courbes sur la même figure. Cependant, aucun code, graphique ou HTML n'est fourni pour vérifier techniquement cette affirmation.","Bien que la description textuelle de l'agent corresponde exactement à ce qui était demandé (deux courbes, twinx, exponentielle à gauche, sinus à droite), il n'y a aucune preuve technique (code Python, JSON Plotly, ou HTML) permettant de vérifier que le graphique a réellement été généré. Sans élément concret à analyser, il est impossible de confirmer que la visualisation existe et répond aux spécifications. La réponse est donc insuffisante et mérite un score de 0."
15,hard,"Génère un plot 3D de voxels représentant 3 cuboïdes distincts (jaune, bleu, vert) reliés par des liens voxels violets.",0,"Un graphique 3D de type voxel représentant 3 cuboïdes distincts de couleurs jaune, bleu et vert, reliés entre eux par des voxels violets formant des liens.","L'agent affirme avoir généré un plot 3D de voxels avec 3 cuboïdes distincts (jaune, bleu, vert) connectés par des liens voxels violets, et sauvegardé le résultat dans un fichier HTML. Cependant, aucun code source (Python/Plotly) ni HTML n'est fourni pour vérifier techniquement la conformité de l'implémentation.","Bien que l'agent décrive avoir produit exactement ce qui était demandé (3 cuboïdes de couleurs spécifiques reliés par des voxels violets), aucune preuve technique (code Python, JSON de configuration Plotly, ou HTML généré) n'est fournie pour valider que la visualisation correspond réellement à la demande. Sans possibilité de vérifier l'implémentation concrète, il est impossible de confirmer que le graphique respecte les spécifications (type de graphique voxel 3D, nombre et couleurs des cuboïdes, présence et couleur des liens). La réponse est donc insuffisante pour une évaluation positive."
16,hard,Implémente une projection géographique personnalisée (Aitoff-Hammer) via une classe Python et affiche une grille sur ce globe.,0,"La demande exige l'implémentation d'une classe Python pour la projection géographique Aitoff-Hammer avec des formules mathématiques concrètes, et l'affichage d'une grille (lignes de latitude/longitude) sur ce globe projeté. L'utilisateur attend du code fonctionnel (Python/Plotly ou autre bibliothèque de visualisation) qui génère effectivement la visualisation.","L'agent a fourni une description textuelle en 3 étapes expliquant la méthodologie pour implémenter la projection Aitoff-Hammer et afficher une grille. Aucun code Python n'a été fourni, aucune classe n'a été implémentée, aucune formule mathématique concrète n'est présente, et aucune visualisation (code HTML, JSON Plotly, ou autre) n'a été générée. Il s'agit uniquement d'instructions conceptuelles sans implémentation technique.","La demande utilisateur est claire : ""Implémente une projection... via une classe Python et affiche une grille"". Le verbe ""implémente"" et ""affiche"" indiquent une attente de code exécutable et de résultat visuel. L'agent n'a fourni qu'une explication théorique sans aucun code, classe Python, formules mathématiques ou visualisation. La réponse ne répond pas à la demande technique et ne permet pas à l'utilisateur d'obtenir le résultat attendu. Score : 0 (Échec)."
17,hard,"Crée un Diagramme de Sankey complexe ('Flow Diagram') avec des boucles et chaînes latérales, titré 'This might seem unnecessary'.",0,"Un diagramme de Sankey complexe avec des boucles (flux circulaires/retours) et des chaînes latérales (branches secondaires), titré 'This might seem unnecessary'. Le graphique doit être généré avec du code (Python/Plotly ou similaire) ou du HTML montrant la structure technique du Sankey avec des nœuds et des liens incluant des flux qui reviennent vers des nœuds précédents (boucles) et des branches qui se séparent du flux principal (chaînes latérales).","L'agent affirme avoir créé un diagramme de Sankey complexe avec le titre demandé et l'avoir sauvegardé comme image dans un dossier 'reports'. Cependant, aucun code (Python/Plotly/HTML) n'est fourni dans la réponse pour vérifier la structure technique du diagramme, la présence effective de boucles et de chaînes latérales, ou même confirmer qu'il s'agit bien d'un diagramme de Sankey. Seule une description textuelle est présente sans preuve technique.","La réponse est insuffisante car elle ne fournit aucun élément technique vérifiable (code JSON, HTML, ou code Python) permettant de confirmer que le diagramme de Sankey a été effectivement créé avec les caractéristiques demandées (boucles et chaînes latérales). Une simple affirmation textuelle sans code ni visualisation ne permet pas de valider que la demande a été satisfaite. Pour attribuer un point, il aurait fallu au minimum du code Plotly/Python montrant la définition des nœuds et liens avec des boucles explicites."
18,hard,Visualise un attracteur de Rossler en 3D (trajectoire continue) calculé via équations différentielles.,0,"L'utilisateur demande une visualisation 3D de l'attracteur de Rössler sous forme de trajectoire continue, calculée via la résolution d'équations différentielles. Cela implique : (1) résolution numérique du système d'équations différentielles de Rössler (dx/dt = -y - z, dy/dt = x + ay, dz/dt = b + z(x - c)), (2) génération d'une trajectoire continue en 3D, (3) affichage sous forme de graphique 3D (type scatter3d ou line3d avec Plotly).","La réponse de l'agent contient uniquement une description textuelle de l'attracteur de Rössler et mentionne ""[Visualization of the Rössler attractor in 3D]"" sans fournir de code Python/Plotly, de données JSON, ou de HTML permettant de vérifier qu'une visualisation a effectivement été générée. Aucun code de résolution d'équations différentielles n'est fourni, aucune structure de données n'est visible, et aucun graphique technique n'est présent.","L'agent n'a fourni aucun élément technique vérifiable (code Python, JSON Plotly, ou HTML) permettant de confirmer qu'une visualisation 3D de l'attracteur de Rössler a été générée. La réponse se limite à une description conceptuelle sans implémentation concrète. Pour obtenir un point, il aurait fallu au minimum du code Python utilisant scipy.integrate.odeint ou solve_ivp pour résoudre le système de Rössler, suivi d'un graphique 3D Plotly (fig = go.Figure(data=[go.Scatter3d(...)]) montrant la trajectoire continue. En l'absence de tout élément technique, la réponse est jugée insatisfaisante."
19,hard,"Génère deux diagrammes ternaires (phase liquide-liquide) : un en triangle équilatéral et l'autre en triangle rectangle, côte à côte.",0,"La demande exige la génération de deux diagrammes ternaires (phase liquide-liquide) : un en triangle équilatéral et un autre en triangle rectangle, affichés côte à côte. Cela implique la création de visualisations techniques avec du code (Python/Plotly ou autre) ou du HTML interactif montrant les deux types de représentations ternaires avec leurs axes et données appropriés.","L'agent a fourni uniquement une description textuelle avec des placeholders ""[Diagramme 1 - Triangle équilatéral]"" et ""[Diagramme 2 - Triangle rectangle]"" suivis d'explications théoriques. Aucun code Python/Plotly, aucun code HTML, aucune visualisation réelle n'a été générée. Les diagrammes ne sont pas présents, seulement mentionnés.","La réponse est totalement insatisfaisante. L'utilisateur demandait explicitement la génération de deux diagrammes ternaires visualisables (avec code ou rendu), mais l'agent n'a produit qu'une description textuelle avec des placeholders. Aucun graphique n'a été techniquement généré, aucun code n'a été fourni, et les visualisations demandées sont absentes. Il s'agit d'une réponse purement théorique qui ne répond pas à la demande de génération effective."
20,hard,Crée un graphique à 'axes brisés' (broken axis) avec des marqueurs de coupure diagonaux pour visualiser des outliers lointains.,0,"La demande exige un graphique à axes brisés (broken axis) avec des marqueurs de coupure diagonaux pour visualiser des outliers lointains. Cela implique : 1) Un graphique avec une discontinuité sur l'axe (généralement l'axe Y), 2) Des marqueurs visuels diagonaux indiquant la rupture/coupure, 3) La capacité de visualiser des valeurs extrêmes (outliers) séparées des données principales.","L'agent a fourni uniquement une description textuelle expliquant les étapes conceptuelles pour créer un graphique à axes brisés. Aucun code Python/Plotly, aucun code JSON, aucun HTML, ni aucune visualisation concrète n'a été produit. Il n'y a pas de graphique généré, pas de données utilisées, pas d'implémentation technique visible.","La réponse de l'agent est un échec complet. Bien que l'agent démontre une compréhension théorique du concept de graphique à axes brisés, il n'a produit AUCUN élément technique concret (code, JSON, HTML ou visualisation). La demande nécessitait la création effective d'un graphique, pas une simple explication des étapes. Sans code ni output visualisable, la réponse ne répond pas à la demande utilisateur."
